{
  "thrust_n": 20.33988653296138,
  "power_w": 299.9347406974605,
  "rpm": 6443.36300911557,
  "spl_db": 67.16650368252665,
  "v_tip": 111.40079515581951,
  "stall_frac": 0.0,
  "chord_mm": [
    41.8,
    41.8,
    41.7,
    14.7
  ],
  "twist_deg": [
    28.6,
    16.5,
    9.9,
    5.7
  ],
  "efficiency_g_w": 6.912780173862896,
  "objective": "thrust",
  "target_thrust_n": 12.0,
  "power_limit_w": 300.0
}