{
  "thrust_n": 12.045323882059279,
  "power_w": 161.1297370522186,
  "rpm": 3488.2239574910627,
  "spl_db": 49.35418084324212,
  "v_tip": 60.3087117699772,
  "stall_frac": 0.06666666666666667,
  "chord_mm": [
    16.2,
    41.9,
    41.9,
    41.6
  ],
  "twist_deg": [
    22.6,
    22.3,
    21.9,
    21.8
  ],
  "efficiency_g_w": 7.620329953619196,
  "target_thrust_n": 12.0,
  "power_limit_w": 300.0
}